PMID,FACTOR,RISK,TEXT
24440542,Two or more lumens,Yes,". catheter lumens were strongly associated with this event (double lumen, or 5.21; 95% ci, 2.46-11.04, and triple lumen, or 10.84; 95% ci, 4.38-26.82). on multivariable analysis, only hospital length of stay, icu status, and number of picc lumens remained significantly associated with picc bloodstream infection. notably, the hr for picc lumens increased substantially, suggesting earlier time to infection among patients with multi-lumen piccs (hr 4.08; 95% ci, 1.51-11.02 and hr 8.52; 95% ci, 2.55-28.49 for double- and triple-lumen devices, respectively). conclusions: picc-associated bloodstream infection is most associated with hospital length of stay, icu status, and number of device lumens.. catheter lumens were strongly associated with this event (double lumen, or 5.21; 95% ci, 2.46-11.04, and triple lumen, or 10.84; 95% ci, 4.38-26.82).. notably, the hr for picc lumens increased substantially, suggesting earlier time to infection among patients with multi-lumen piccs (hr 4.08; 95% ci, 1.51-11.02 and hr 8.52; 95% ci, 2.55-28.49 for double- and triple-lumen devices, respectively).."
24440542,Medical department admission (including ICU),Yes,". on multivariable analysis, only hospital length of stay, icu status, and number of picc lumens remained significantly associated with picc bloodstream infection. conclusions: picc-associated bloodstream infection is most associated with hospital length of stay, icu status, and number of device lumens.."
24440542,Hospital length of stay,Yes,"on multivariable analysis, only hospital length of stay, icu status, and number of picc lumens remained significantly associated with picc bloodstream infection. conclusions: picc-associated bloodstream infection is most associated with hospital length of stay, icu status, and number of device lumens.. ."
34600737,Hospital length of stay,No,". adjusted means los were higher for patients with picc lines compared to midlines, in both females and males.."
34218708,Antibiotic therapy,No,". more than 1 million peripherally inserted central catheters (picc) are placed annually in the us and are used to provide convenient vascular access for a variety of reasons including long term antibiotic treatment, chemotherapy, parenteral nutrition, and blood draws.."
34218708,Parenteral nutrition,Yes,"more than 1 million peripherally inserted central catheters (picc) are placed annually in the us and are used to provide convenient vascular access for a variety of reasons including long term antibiotic treatment, chemotherapy, parenteral nutrition, and blood draws.."
24811591,Medical department admission (including ICU),No,". however, piccs are associated with a number of complications, particularly upper extremity venous thrombosis (uevt), leading to post-thrombotic syndrome, pulmonary embolism and increased risk of catheter-related infection. there is lack of high-quality evidence assessing prevention strategies and management of picc-related thrombosis in the icu.."
30190250,Medical department admission (including ICU),No,". results: 144 piccs were inserted, of which 94 corresponded to the icu group (65.28%) and 50 (34.72%) to the non-icu group. the total number of confirmed infections was 6.25% (5.5 per 1000 days of picc), 1.39% (1.2 per 1000 days) being in the icu group and 4.86% (4.2 per 1000 days) in the non-icu group. there were 5 bacteraemias, all in the non-icu group (3 per 1000 days).."
34593288,Antibiotic therapy,No,". background: people who use drugs (pwud), and especially those who inject drugs, are at increased risk of acquiring bloodborne infections (e.g., hiv and hcv), experiencing drug-related harms (e.g., abscesses and overdose), and being hospitalized and requiring inpatient parenteral antibiotic therapy delivered through a peripherally inserted central catheter (picc). results: the decision to provide, maintain, or remove a picc is based on a complex assemblage of factors (e.g., infections, bodies, drugs, memories, relations, spaces, temporalities, and contingencies) beyond whether parenteral intravenous antibiotic therapy is clinically indicated.."
31937457,Advanced Age,Yes,"multivariable analysis identified the significant risk factors for picc-associated bsi as a prior picc placement (odds ratio [or], 2.48; 95% confidence interval [ci], 1.36-4.53), medical department admission (or, 1.89; 95% ci, 1.03-3.46), and older age (or, 1.03; 95% ci, 1.00-1.05).. ."
31937457,Previous PICC,Yes,"with increasing frequency of previous picc placement, the rates of picc-associated bsi increased: 3.5% (31/883) without previous placement, 7.6% (13/171) in once, and 9.9% (9/32) in twice or more. discussion: the previous picc placement was an independent risk factor for picc-associated bsi and the risk proportionally rose with the increasing frequency of prior picc placement.. previous peripherally inserted central catheter (picc) placement as a risk factor for picc-associated bloodstream infections.."
31937457,Medical department admission (including ICU),Yes,". multivariable analysis identified the significant risk factors for picc-associated bsi as a prior picc placement (odds ratio [or], 2.48; 95% confidence interval [ci], 1.36-4.53), medical department admission (or, 1.89; 95% ci, 1.03-3.46), and older age (or, 1.03; 95% ci, 1.00-1.05).."
36717942,PICC dwell time,No,". all clinical signs and a duration of picc maintenance ≥ 28 days, had a low ppvs (≤ 67.1%) but high npvs (≥ 92.5%) for pr-bsi.."
34628865,Chemotherapy,No,"risk factors for peripherally inserted central catheter (picc)-associated infections in patients receiving chemotherapy and the preventive effect of a self-efficacy intervention program: a randomized controlled trial. in this study, we retrospectively analyzed picc-associated infections in chemotherapy patients treated at our hospital in recent years to identify risk factors for picc-associated infections and the preventive effect of a self-efficacy intervention program. methods: using a convenience sampling method, we selected 159 cancer patients who received chemotherapy through a picc at our hospital between july 2017 and december 2018, and the patients were randomly divided to an observation group (n=79) and a control group (n=80) using a random number table. results: among the 159 chemotherapy patients, 26 (16.35%) experienced picc-associated infections in this finished trial.. ."
34628865,PICC dwell time,Yes,". univariate analysis showed that sex, puncture site, and steroid use were unrelated to picc-associated infections (p>0.05), whereas picc indwelling time, white blood cell (wbc) count, a history of diabetes, and immunity were significantly related to picc-associated infections (p<0.05). picc indwelling time, wbc count, a history of diabetes, and immunity are independent risk factors for picc-associated infections; thus, measures should be implemented to prevent infections.."
29118410,Two or more lumens,Yes,". multivariate analyses demonstrated that power picc, high charison scores, diabetes mellitus, double lumens triple lumens were risk factors for picc-related infections among icu patients. power picc, high charison scores, diabetes mellitus, multi-lumens are risk factors for picc-related bloodstream infection in icu patients.. multivariate analyses demonstrated that power picc, high charison scores, diabetes mellitus, double lumens triple lumens were risk factors for picc-related infections among icu patients.."
29118410,Antibiotic therapy,No,". the isolated fungi showed low resistance to the commonly used antifungal antibiotics.. drug sensitivity analyses indicated that gram-negative bacteria showed low resistance to carbapenems antibiotics, and cefperazone/sulbactam. the isolated fungi showed low resistance to the commonly used antifungal antibiotics.."
29118410,Medical department admission (including ICU),No,"the microbiological characteristics and risk factors for picc-related bloodstream infections in intensive care unit. the study was aimed to investigate the pathogens distribution and risk factors for picc-related bloodstream infection in intensive care unit (icu) patients.. . the study was aimed to investigate the pathogens distribution and risk factors for picc-related bloodstream infection in intensive care unit (icu) patients. multivariate logistic and cox analyses were performed to identify the risk factors for picc-related infection in icu patients. multivariate analyses demonstrated that power picc, high charison scores, diabetes mellitus, double lumens triple lumens were risk factors for picc-related infections among icu patients. power picc, high charison scores, diabetes mellitus, multi-lumens are risk factors for picc-related bloodstream infection in icu patients.."
34723657,Antibiotic therapy,No,". bridging the gap: introduction of an antimicrobial peripherally inserted central catheter (picc) in response to high picc central line-associated bloodstream infection incidence. objective: to reduce the incidence of central line-associated bloodstream infection (clabsi) in peripherally inserted central catheters (picc) through the introduction of an antimicrobial (am) catheter as recommended in evidence-based guidelines and standards. conclusion: combined with continued compliance with basic prevention strategies (ie use of a central line insertion checklist/insertion bundle) and optimization of device selection and lumen justification, the introduction of an antimicrobial/antithrombogenic (am/at) picc was associated with a significant reduction in clabsi.."
36438461,Hospital length of stay,Yes,". logistic regression analysis was utilized to evaluate the association of patient-related risk factors with picc utilization, complications, readmissions, and length of stay (los).. the picc group demonstrated significantly longer los by 2 days (7.72 days versus 5.14 days). conclusion: while not required for the majority of hand, wrist, and forearm infections, picc placement is associated with increased medical complications, more frequent hospital readmissions, and longer los.."
36597793,Previous PICC,Yes,"in the multivariate analysis, previous picc placement within 6 months was an independent risk factor for a picc-associated bloodstream infection (odds ratio, 2.835; 95% confidence interval, 1.143-7.034; p=0.025).. ."
36597793,Medical department admission (including ICU),No,". clinical, periprocedural, and outcome data were compared for picc placement in the icu, general ward, and fluoroscopy unit groups, respectively.."
25910751,Acute myeloid leukemia,Yes,"cox regression analyses of variables associated to crbsis and to crtcs showed that only the type of disease (acute leukemia compared to other diseases) was significantly associated to a higher incidence of crbsis, while no feature was predictive for a higher risk of crtcs.."
34511570,Chemotherapy,No,"risk factors for complications associated with peripherally inserted central catheters during induction chemotherapy for acute myeloid leukemia. however, the risks of picc-related complications during chemotherapy for acute myeloid leukemia (aml) are not fully understood. conclusion low picc-related complication rates, possibly associated with high rates of catheter removal, were observed during intensive chemotherapy for aml.. ."
34511570,Acute myeloid leukemia,No,"risk factors for complications associated with peripherally inserted central catheters during induction chemotherapy for acute myeloid leukemia. however, the risks of picc-related complications during chemotherapy for acute myeloid leukemia (aml) are not fully understood.."
33633889,Immunosuppression,Yes,their use in patients suffering from a malignant disease is common but may pose a greater risk of complications due to the severe immunosuppression associated with treatment.. .
33409725,Chemotherapy,No,"eleven hindrances were summarized, including high costs, unavailability of local services, worries about affecting family members, a lack of health awareness, inconvenient transportations, fluke minds, physical discomfort, fears of leukemia and chemotherapy, short chemotherapy intervals, damage to appearance, and no insurance coverage of costs.. ."
33409725,Acute myeloid leukemia,No,"eleven hindrances were summarized, including high costs, unavailability of local services, worries about affecting family members, a lack of health awareness, inconvenient transportations, fluke minds, physical discomfort, fears of leukemia and chemotherapy, short chemotherapy intervals, damage to appearance, and no insurance coverage of costs. conclusion: leukemia patients' compliance with picc care was hindered by several factors.."
29516966,PICC dwell time,Yes,". factor analysis of variance showed that many factors were related to picc catheter-related infections, including experience of operator (χ(2) = 3.48, p < 0.05), catheter retention time (χ(2) = 7.478, p < 0.05), receiving chemotherapy or not (χ(2) = 2.43, p < 0.05), karnofsky performance scale scores (χ(2) = 2.19, p < 0.05) and the frequency of replacing pad pasting on the point of puncture (χ(2) = 2.23). logistic regression analysis showed that picc catheter retention time (odds ratio [or] = 4.21, p < 0.05) and operator experience (or = 2.80, p < 0.05) were independent factors affected picc catheter-related infections.."
29516966,Operator experience,Yes,"factor analysis of variance showed that many factors were related to picc catheter-related infections, including experience of operator (χ(2) = 3.48, p < 0.05), catheter retention time (χ(2) = 7.478, p < 0.05), receiving chemotherapy or not (χ(2) = 2.43, p < 0.05), karnofsky performance scale scores (χ(2) = 2.19, p < 0.05) and the frequency of replacing pad pasting on the point of puncture (χ(2) = 2.23).. ."
32028425,Two or more lumens,Yes,". picc for chemotherapy (hazards ratio [hr] 11.421; 95% confidence interval (ci), 2.434-53.594; p = .019), double lumen catheter [hr 5.466; 95% ci, 1.257-23.773; p = .007], and picc for antibiotic therapy [hr 2.854; 95% ci, 1.082-7.530; p = .019] were associated with picc-clabsi.picc for chemotherapy or antibiotics, and number of catheter lumens are associated with increased risk of picc-clabsi in cancer patients.."
32028425,Antibiotic therapy,Yes,". picc for chemotherapy (hazards ratio [hr] 11.421; 95% confidence interval (ci), 2.434-53.594; p = .019), double lumen catheter [hr 5.466; 95% ci, 1.257-23.773; p = .007], and picc for antibiotic therapy [hr 2.854; 95% ci, 1.082-7.530; p = .019] were associated with picc-clabsi.picc for chemotherapy or antibiotics, and number of catheter lumens are associated with increased risk of picc-clabsi in cancer patients.."
34498477,Postplacement,No,"results: there was no difference in the total compliance rate of picc tip position and the incidence of the catheter malposition in the two groups (p>0.05).. the total compliance rate [picc tip was located in the lower third of the superior vena cava (svc) and the cavo-atrial junction (caj)], the optimal position compliance rate (picc tip was located in the caj), and the incidence of the catheter tip malposition were compared between the two groups.."
28807074,Two or more lumens,No,". significant risk factors associated with picc-clabsi included hematological cancer (3 points), clabsi within 3 months of picc insertion (2 points), multilumen picc (2 points), solid cancers with ongoing chemotherapy (2 points), receipt of total parenteral nutrition (tpn) through the picc (1 point), and presence of another central venous catheter (cvc) at the time of picc placement (1 point).."
28807074,Parenteral nutrition,No,"significant risk factors associated with picc-clabsi included hematological cancer (3 points), clabsi within 3 months of picc insertion (2 points), multilumen picc (2 points), solid cancers with ongoing chemotherapy (2 points), receipt of total parenteral nutrition (tpn) through the picc (1 point), and presence of another central venous catheter (cvc) at the time of picc placement (1 point).."
37070255,PICC dwell time,No,"there was no significant intergroup difference in the overall rate of catheter-related complications (picc: 9.4% vs cicc: 3.8%; odds ratio [or]: 2.65; 95% confidence interval [ci]: 0.63-10.2, p = 0.145), and there were 7.7 and 9.0 complications per 1000 catheter days in the picc and cicc groups, respectively (hazard ratio [hr]: 0.61; 95% ci: 0.14-2.65, p = 0.513).. ."
24439240,Parenteral nutrition,No,background & aims: peripherally inserted central venous catheters (picc) have become increasingly popular for medium to long-term parenteral nutrition (pn) but there is limited data on the complication rates in this sub-group..
37731133,PICC dwell time,No,"the confirmed incidence of central line-associated bloodstream infection was 3.4% (45 patients), and these infections occurred on 1.9 per 1000 catheter days.. ."
30755503,Advanced Age,No,". aes increased when picc was inserted at the brachial site (hazard ratio [hr], 1.37; 95% confidence interval [ci], 1.02-1.84) and with open systems (hr, 1.89; 95% ci, 1.24-2.88) and decreased in older men (hr, 0.63; 95% ci, 0.49-0.81).. moreover, alternatives to piccs should be considered when administering chemotherapy to young men.."
30755503,Chemotherapy,No,"conclusion: use of picc for chemotherapy administration was associated with a low all-aes rate. moreover, alternatives to piccs should be considered when administering chemotherapy to young men.. ."
33746117,Chemotherapy,Yes,objective: this study is aimed at verifying the effect of specific management modalities aimed at reducing or preventing the incidence of infections in the blood flow in relation to the use of the central venous catheter (crbsi = catheterrelated bloodstream infection) in patients undergoing chemotherapy.. .
27033138,Two or more lumens,No,". background the number of peripherally inserted central catheter (picc) lumens is associated with thrombotic and infectious complications.. methods model inputs, including risk of complications and costs associated with single- and multilumen piccs, were obtained from available literature and a multihospital collaborative quality improvement project.."
32057552,Antibiotic therapy,No,. case subjects were defined as patients who received iv antimicrobial treatment through a picc line placed and maintained by specifically trained nurses (picc group). control subjects were defined as patients who received antimicrobial therapy by a peripheral or a central venous catheter (cvc) (control group)..
27179394,PICC dwell time,No,"results: significant outcomes included a central-line associated blood stream infection rate that changed from 1.38/1,000 catheter days to 0/1,000 catheter days, 0 provider-led premature picc removals, an overall 84% decrease in premature picc removals (from 16%-2.5%; p < .0001), a decrease in the total complication rate from 45.5%-24% (p < .0001), and 25% reduction in radiology costs.. ."
24954426,Medical department admission (including ICU),No,"picc aes accounted for increased intensive care unit admissions, ht list inactivations, and overall cost.. ."
38250594,Antibiotic therapy,No,". there were also no significant differences in maximum crp, insertion site abnormalities, or anti-infective drug use between the groups.."
23838218,Two or more lumens,Yes,". immunosuppression (p<.01), power-injectable piccs (p=.05), and 3 picc lumens compared with 1 lumen (p=.02) were associated with clabsi. conclusions: immunosuppression and 3 picc lumens were associated with increased risk of clabsi.."
23838218,Immunosuppression,Yes,"immunosuppression (p<.01), power-injectable piccs (p=.05), and 3 picc lumens compared with 1 lumen (p=.02) were associated with clabsi. conclusions: immunosuppression and 3 picc lumens were associated with increased risk of clabsi.. ."
23838218,Postplacement,No,". objective: peripherally inserted central catheter (picc) tip malposition is potentially associated with complications, and postplacement adjustment of piccs is widely performed.."
23838218,Power-injectable piccs,Yes,"immunosuppression (p<.01), power-injectable piccs (p=.05), and 3 picc lumens compared with 1 lumen (p=.02) were associated with clabsi. power-injectable piccs were also associated with increased vt formation (p=.03). power-injectable piccs were associated with increased risk of clabsi and vt formation.. ."
26045668,Seasonality (summer / warm),Yes,". catheter care delay (or =2.612, 95% ci: 1.373-4.969) and indwelling mostly in summer (or =4.784, 95% ci: 2.681-8.538) were associated with higher infection incidence. conclusion: statlock fixing and tip position located in the lower one-third of the superior vena cava were protective factors against picc-related infection, while catheter care delay and indwelling mostly in summer were risk factors.."
26045668,Postplacement,No,"multivariate analysis showed statlock fixing (odds ratio [or] =0.555, 95% confidence interval [ci]: 0.326-0.945) and tip position located in the lower one-third of the superior vena cava (or =0.340, 95% ci: 0.202-0.571) were associated with lower picc infection rate. conclusion: statlock fixing and tip position located in the lower one-third of the superior vena cava were protective factors against picc-related infection, while catheter care delay and indwelling mostly in summer were risk factors.. ."
26045668,Fixation device,No,"multivariate analysis showed statlock fixing (odds ratio [or] =0.555, 95% confidence interval [ci]: 0.326-0.945) and tip position located in the lower one-third of the superior vena cava (or =0.340, 95% ci: 0.202-0.571) were associated with lower picc infection rate. conclusion: statlock fixing and tip position located in the lower one-third of the superior vena cava were protective factors against picc-related infection, while catheter care delay and indwelling mostly in summer were risk factors.. ."
26045668,Catheter care delay,Yes,"catheter care delay (or =2.612, 95% ci: 1.373-4.969) and indwelling mostly in summer (or =4.784, 95% ci: 2.681-8.538) were associated with higher infection incidence. conclusion: statlock fixing and tip position located in the lower one-third of the superior vena cava were protective factors against picc-related infection, while catheter care delay and indwelling mostly in summer were risk factors.."
30704933,Advanced Age,No,". the use of a picc is safer than that of a cicc and maintains the effectiveness for patients with aml undergoing chemotherapy, with an approximate fourfold lower combined risk of infection or thrombosis at 30 days.."
30704933,Chemotherapy,No,"the use of a picc is safer than that of a cicc and maintains the effectiveness for patients with aml undergoing chemotherapy, with an approximate fourfold lower combined risk of infection or thrombosis at 30 days.. ."
27020965,Chemotherapy,Yes,"background and objectives: the increasing use of peripherally inserted central venous catheters (piccs) for chemotherapy has led to the observation of an elevated risk of complications and failures. statistically significant risk factors were previous dvt (hr 2.95, 95%ci 1.33-6.53), reason for picc implant (hr 3.65, 95%ci 1.12-10.34) and 5-fluorouracil, oxaliplatin and bevacizumab based chemotherapy (hr 3.11, 95%ci 1.17-8.26). nevertheless, a 15% rate of failure has to be taken in account when planning picc insertion for chemotherapy purposes.. ."
27020965,PICC dwell time,No,"reasons for failures were upper extremity deep venous thrombosis (uedvt) 12 (4.1%), central line associate bloodstream infection (clabsi) 5 (1.7%) with an infection rate of 0.95 per 1,000 catheter days, exit site infection 9 (3.1%) with a rate of 1.46 per 1,000 catheter days, catheter dislodgment 11 (3.8%), and occlusion 7 (2.4%).. ."
37052429,Two or more lumens,Yes,". objective: implement computerized decision support to: (a) increase the use of midline catheters over piccs when appropriate and (b) decrease picc lumens when a picc is necessary.. background: inappropriate use of peripherally inserted central catheters (piccs), including multilumen piccs, may increase the risk of patient complications.."
26202391,Auto/allograft,Yes,". multivariate logistic regression analysis showed a higher picc-related infection rate with chemotherapy (odds ratio (or) 7.2-confidence interval (ci) 95% [1.77-29.5]), auto/allograft (or 5.9-ci 95% [1.2-29.2]), and anti-coagulant therapy (or 2.2-95% [1.4-12]). conclusion: chemotherapy, auto/allograft, and anti-coagulant therapy are associated with an increased risk of developing picc-related infections. clinical advance: chemotherapy, auto/allograft, and anti-coagulant therapy are important predictors of picc-associated infections.."
26202391,Anticoagulants therapy,Yes,". multivariate logistic regression analysis showed a higher picc-related infection rate with chemotherapy (odds ratio (or) 7.2-confidence interval (ci) 95% [1.77-29.5]), auto/allograft (or 5.9-ci 95% [1.2-29.2]), and anti-coagulant therapy (or 2.2-95% [1.4-12]). conclusion: chemotherapy, auto/allograft, and anti-coagulant therapy are associated with an increased risk of developing picc-related infections. clinical advance: chemotherapy, auto/allograft, and anti-coagulant therapy are important predictors of picc-associated infections.."
30180989,Antibiotic-coated catheters,No,peripherally inserted central catheter-associated bloodstream infection: risk factors and the role of antibiotic-impregnated catheters for prevention. background: antimicrobial-impregnated (aip) peripherally inserted central catheters (piccs) may lower risk of central line-associated bloodstream infection (clabsi) compared with nonantimicrobial-impregnated (naip) catheters.. .
30180989,Antibiotic therapy,No,. background: antimicrobial-impregnated (aip) peripherally inserted central catheters (piccs) may lower risk of central line-associated bloodstream infection (clabsi) compared with nonantimicrobial-impregnated (naip) catheters.. peripherally inserted central catheter-associated bloodstream infection: risk factors and the role of antibiotic-impregnated catheters for prevention..
30180989,Acute myeloid leukemia,Yes,"other risk factors included chemotherapy, placement of a tunneled catheter, leukemia, and aids. highest risk occurred with placement of a tunneled catheter, aids, leukemia, and if the indication for picc was chemotherapy.."
30180989,Immunosuppression,Yes,". other risk factors included chemotherapy, placement of a tunneled catheter, leukemia, and aids. highest risk occurred with placement of a tunneled catheter, aids, leukemia, and if the indication for picc was chemotherapy.."
32709498,Medical department admission (including ICU),No,"objective: to compare central line associated bloodstream infection (clabsi) and catheter-related thrombosis rates in intensive care unit (icu) and onco-hematologic patients with picc lines and cvcs.. . objective: to compare central line associated bloodstream infection (clabsi) and catheter-related thrombosis rates in intensive care unit (icu) and onco-hematologic patients with picc lines and cvcs. picc lines were associated with a significantly higher rate of thrombosis in icu [or (95%ci): 2.58(1.80,3.70); p(z)<0.00001] and onco-hematologic [or (95%ci): 2.91(2.11,4.02); p(z)<0.00001] patients. clabsi rates with picc lines were not significantly different in icu patients [or (95%ci): 1.65(0.91,2.99); p(z)= 0.1], but significantly lower clabsi rates were observed in onco-hematologic patients [or (95%ci): 0.38(0.16,0.91); p(z)=0.03].."
37370862,Chemotherapy,Yes,"in conclusion, the incidence rate of piccr-bsi is higher in cancer patients treated with chemotherapy than in noncancer patients, but our results also highlight the importance of limiting the number of picc lumens in such patients.. ."
37370862,Two or more lumens,Yes,". however, after adjusting for variables resulting in an imbalance between groups after propensity-score matching, only the number of picc lumens was independently associated with piccr-bsi (adjusted hazard ratio 1.81, 95% confidence interval: 1.01-3.22; p = 0.04). in conclusion, the incidence rate of piccr-bsi is higher in cancer patients treated with chemotherapy than in noncancer patients, but our results also highlight the importance of limiting the number of picc lumens in such patients.."
23295565,Two or more lumens,No,". independent risk factors for picc bsis included congestive heart failure (odds ratio [or], 2.0 [95% confidence interval (ci), 1.26-3.17]; p = .003), intra-abdominal perforation (or, 5.66 [95% ci, 1.76-18.19]; p = .004), clostidium difficile infection (or, 2.25 [95% ci, 1.17-4.33]; p = .02), recent chemotherapy (or, 3.36 [95% ci, 1.15-9.78]; p = .03), presence of tracheostomy (or, 5.88 [95% ci, 2.99-11.55]; p < .001), and type of catheter (or for double lumen, 1.89 [95% ci, 1.15-3.10]; p = .01 ; or for triple lumen, 2.87 [95% ci, 1.39-5.92]; p = .004).."
23295565,Medical department admission (including ICU),No,". underlying chronic obstructive pulmonary disease (or, 0.48 [95% ci, 0.29-0.78]; p = .03) and admission to surgical (or, 0.43 [95% ci, 0.24-0.79]; p = .006) or oncology and orthopedic (or, 0.35 [95% ci, 0.13-0.99]; p = .05) services were less likely to be associated with having a picc bsi.."
30560363,Medical department admission (including ICU),No,"other risk factors (i.e., age, gender, comorbidity, picc duration, veins, hospital stay, and intensive care unit stay) showed no significant correlations with clabsi.. ."
30379146,Two or more lumens,Yes,". less lumens-less risk: a pilot intervention to increase the use of single-lumen peripherally inserted central catheters. to reduce risk of complications, existing guidelines recommend use of peripherally inserted central catheters (piccs) with the minimal number of lumens. the proportion of piccs with an inappropriate number of lumens decreased from 25.6% preintervention to 2.2% postintervention (p < .001).."
35587883,PICC dwell time,No,the main outcome measure was the incidence rate of catheter-associated bacteremia per 1000 catheter days.. .
28218366,PICC dwell time,No,nine (1.9%) patients developed symptomatic upper extremity deep venous thrombosis (uedvt) and central line associated bloodstream infection (clabsi) was shown in six (1.3%) piccs with an infection rate 0.12 per 1000 catheter days.. .
28978332,Antibiotic-coated catheters,No,all groups except ta + spu had a chlorhexidine-gluconate (chg) impregnated disc.. .
35177128,PICC dwell time,No,". background: we aimed to assess whether longer indwelling time of peripherally inserted central catheters (picc) increases risk of central line associated bloodstream infections (clabsi) in haematology patients. in the unadjusted analysis, piccs with an indwelling time of 15-28 days, 29-42 days, 43-56 days and > 56 days each had an increased clabsi incidence rate ratio of 2.4 (1.2-4.8), 2.2 (0.95-5.0), 3.4 (1.6-7.5) and 1.7 (0.9-3.5), respectively, compared to piccs in place for < 15 days. conclusions: our study shows that risk of clabsi does not appear to increase with longer picc indwelling time.."
37046808,Chemotherapy,No,intravascular complications of central venous catheterization by insertion site in acute leukemia during remission induction chemotherapy phase: lower risk with peripherally inserted catheters in a single-center retrospective study. picc was a valid cvc for the induction chemotherapy of acute leukemia for the lowest risk of sdvt and bsi.. .
37046808,Acute myeloid leukemia,No,intravascular complications of central venous catheterization by insertion site in acute leukemia during remission induction chemotherapy phase: lower risk with peripherally inserted catheters in a single-center retrospective study. picc was a valid cvc for the induction chemotherapy of acute leukemia for the lowest risk of sdvt and bsi..
36845901,Antibiotic therapy,No,". extended hospitalizations for monitored parenteral antibiotics for patients with opioid use disorder are challenging for patients, reduce bed capacity, and are associated with significant cost.."
36845901,Hospital length of stay,No,"conclusions: the stop oud project reduced hospital length of stay for patients with opioid use disorder and serious infections, and had a favorable financial impact.. ."
28218360,PICC dwell time,No,"results: during 4963 catheter days and after 709 dressing changes (documented by 373 pictures), the use of sas was associated with no episode of picc dislodgement and a lower incidence of complications if compared to traditional securement devices.. ."
24911379,Hospital length of stay,Yes,". additionally, in conditional univariate analyses, length of stay, malnutrition, and after-hours placement were associated with increased risk of catheter-associated thrombosis. conclusions: screening of patients undergoing picc placement with attention to malnutrition, bmi >30, and length of stay may reduce the risk of picc-associated complications.."
28540264,PICC dwell time,Yes,". we employed univariate analysis to explore the relationship of various factors, including leukemia types, puncture times, underlying diseases, catheter indwelling time, hormones use, chemotherapy use, immune functions and seasons, with the incidence of cri. univariate analysis showed that puncture times, underlying diseases, catheter indwelling time, hormones use, chemotherapy use, immune functions and seasons were significantly correlated with the incidence of cri.."
28540264,Acute myeloid leukemia,Yes,"analysis of risk factors of peripherally inserted central catheter induced catheter-related infection in patients with leukemia. the purpose of this study was to investigate the risk factors of catheter-related infection (cri) in patients with leukemia and to provide some nursing strategies based on the results. we employed univariate analysis to explore the relationship of various factors, including leukemia types, puncture times, underlying diseases, catheter indwelling time, hormones use, chemotherapy use, immune functions and seasons, with the incidence of cri. conclusion: based on risk factors of cri and its etiological distribution, appropriate nursing measures can be taken to reduce the incidence of cri in patients with leukemia.."
28540264,Immunosuppression,Yes,". we employed univariate analysis to explore the relationship of various factors, including leukemia types, puncture times, underlying diseases, catheter indwelling time, hormones use, chemotherapy use, immune functions and seasons, with the incidence of cri. univariate analysis showed that puncture times, underlying diseases, catheter indwelling time, hormones use, chemotherapy use, immune functions and seasons were significantly correlated with the incidence of cri. multivariate logistic regression analysis revealed that immune functions, puncture times and seasons were independent risk factors for cri.."
28540264,Seasonality (summer / warm),Yes,"we employed univariate analysis to explore the relationship of various factors, including leukemia types, puncture times, underlying diseases, catheter indwelling time, hormones use, chemotherapy use, immune functions and seasons, with the incidence of cri. univariate analysis showed that puncture times, underlying diseases, catheter indwelling time, hormones use, chemotherapy use, immune functions and seasons were significantly correlated with the incidence of cri. multivariate logistic regression analysis revealed that immune functions, puncture times and seasons were independent risk factors for cri.. ."
37736715,Chemotherapy,No,"because more than half of the patients with picc-related complications could be managed with conventional interventions, piccs remain a priority for cancer patients undergoing short-term chemotherapy.. ."
32569313,PICC dwell time,Yes,"to identifying statistical correlations between catheter days and pabsi, the odds ratio for pabsi on the basis of the continuous value of catheter days was analyzed using restricted cubic spline splits with five knots. in the restricted cubic spline regression, catheter days showed a dose-dependent relationship with the risk of pabsi.. . appropriate duration of peripherally inserted central catheter maintenance to prevent central line-associated bloodstream infection.. background/aim: prolonged maintenance of central venous catheters, including peripherally inserted central catheters (piccs), is a major risk factor for central line-associated bloodstream infection (clabsi).."
27240799,Antibiotic-coated catheters,No,the impact of chlorhexidine (chg)-impregnated versus non-chg peripherally inserted central catheters (piccs) on risk of clabsi is unknown. methods: patients in 3 high-risk units were randomly assigned to receive either a chg-impregnated or non-chg picc line.. a comparative evaluation of antimicrobial coated versus nonantimicrobial coated peripherally inserted central catheters on associated outcomes: a randomized controlled trial..
27240799,Antibiotic therapy,No,. a comparative evaluation of antimicrobial coated versus nonantimicrobial coated peripherally inserted central catheters on associated outcomes: a randomized controlled trial..
37435240,Medical department admission (including ICU),No,background central line-associated bloodstream infection (clabsi) is among the most common bloodstream infections in the university hospital and intensive care unit settings.. .
35862722,Medical department admission (including ICU),No,. the mi-picc score: a risk-prediction model for picc-associated complications in the icu..
33908337,Antibiotic-coated catheters,No,". multivariable cox proportional hazards models with robust sandwich standard error estimates accounting for the clustered nature of data were used to identify factors associated with picc complications in coated versus noncoated devices across general care, intensive care unit (icu), and oncology patients.."
33908337,Antibiotic therapy,No,". adjusting for known risk factors, antimicrobial piccs were not associated with infection reduction (hr, 1.16; 95% ci, 0.82-1.64), and antithrombogenic piccs were not associated with reduction in thrombosis and occlusion (hr, 1.15; 95% ci, 0.92-1.44). conclusions: antimicrobial and antithrombogenic piccs were not associated with a reduction in major catheter complications.."
33908337,Medical department admission (including ICU),No,"multivariable cox proportional hazards models with robust sandwich standard error estimates accounting for the clustered nature of data were used to identify factors associated with picc complications in coated versus noncoated devices across general care, intensive care unit (icu), and oncology patients.. ."
25953205,Advanced Age,Yes,"after multivariate analysis, two risk factors were significantly associated with the overall occurrence of complications: age more than 70 years [or = 2.89 (1.06-7.89], p = 0.04] and number of lumen at least two [or = 2.64 (1.03-6.75), p = 0.04].. ."
29489707,Two or more lumens,No,. the discovery that alteplase use increased with the number of picc lumens allowed for exploration of ordering and placement practices..
34973357,Two or more lumens,No,". in multivariate cox analysis, independent risk factors for picc-associated complications were obesity (adjusted hazard ratio (ahr), 1.08, p < .001) and diabetes (ahr, 1.85, p = .039), adjusting for chronic renal failure, number of lumens, catheter/vein diameter ratio and duration of home-based care. the number of catheter lumens is one of the modifiable factors to reduce complications.."
33652363,Two or more lumens,No,. the likelihood of specifying picc lumens increased when vascular access protocols were in place (p = 0.001)..
33652363,Medical department admission (including ICU),No,". respondents whom were trainees, from larger hospitals, and from closed icus were more likely to use ultrasound (p < 0.001). 2/3 of respondents (n = 173, 66%) stated more research on icu vascular access was needed.."
36960818,Two or more lumens,No,". compared to multilumen piccs, single-lumen piccs carry a lower rate of complications, including central-line-associated bloodstream infection and thrombosis.."
26519981,Medical department admission (including ICU),No,"purpose: there are limited contemporary data describing the rates of catheter-related deep vein thrombosis (crdvt) and central line-associated bloodstream infection for peripherally inserted central venous catheters (piccs) and centrally inserted central venous catheters (ciccs) in the medical intensive care unit (icu).. . purpose: there are limited contemporary data describing the rates of catheter-related deep vein thrombosis (crdvt) and central line-associated bloodstream infection for peripherally inserted central venous catheters (piccs) and centrally inserted central venous catheters (ciccs) in the medical intensive care unit (icu). central lines were followed from insertion time until hospital dismissal (primary analysis) or icu discharge (secondary analysis). only 1 central line-associated bloodstream infection occurred in a picc following icu dismissal, p > .999.."
35382174,Medical department admission (including ICU),No,"background:  central line-associated bloodstream infections (clabsis) remain an important preventable healthcare-associated infection with a 2020 rate of 0.87 (per 1,000 central line days) in the united states intensive care units (icu).. ."
25377903,PICC dwell time,No,"results: of the 163 patients who represented 19104 home-catheter days, 19 (11.7%) patients experienced 25 catheter complications (ccs; 12 occlusions, 11 central line-associated bloodstream infections, one thrombosis and one line dislodgment).. ."
33019880,Chemotherapy,No,"methods: adult outpatients (aged 18-75 years), with an eastern cooperative oncology group (ecog) performance status of 0-2, bearing solid tumors and candidates for intravenous chemotherapy were eligible for the study.. ."
30348912,Advanced Age,No,"the rate of blockage of piccs, proportion of male subjects, age of subjects, apache ii score and length of stay in hospital showed no significant differences between the two groups.. ."
30348912,Hospital length of stay,No,". the rate of blockage of piccs, proportion of male subjects, age of subjects, apache ii score and length of stay in hospital showed no significant differences between the two groups.."
25248408,PICC dwell time,No,the cr-bsi rate in the picc group was significantly lower than that in the ccvc group (piccs: 1.23/1000 catheter days; ccvcs: 5.30/1000 catheter days; p < 0.01).. .
33084898,Antibiotic therapy,No,". objective: to evaluate whether infectious disease physician approval prior to picc placement for intravenous antimicrobials is associated with more appropriate device use and fewer complications. conclusions and relevance: this cohort study suggests that, when piccs were placed for intravenous antimicrobial therapy, infectious disease physician approval of picc insertion was associated with more appropriate device use and fewer complications.."
28822403,Medical department admission (including ICU),Yes,"peripherally inserted central venous catheters (piccs) are now commonly used for central access in the intensive care unit (icu) setting; however, there is a paucity of data evaluating the complication rates associated with these lines.. . peripherally inserted central venous catheters (piccs) are now commonly used for central access in the intensive care unit (icu) setting; however, there is a paucity of data evaluating the complication rates associated with these lines. these were divided into two groups: those placed at the bedside in the icu and those placed by interventional radiology in non-icu patients. the combined thrombotic and central line associated blood stream infection rate was 6.17 per cent in the non-icu group and 10.53 per cent in the icu group (p = 0.035). the thrombotic complication rate was 5.88 per cent in the non-icu group and 7.60 per cent in the icu group (p = 0.38), whereas the central line associated blood stream infection rate was 0.29 per cent in the non-icu group and 2.92 per cent in the icu group (p = 0.002). this study seems to suggest that picc lines placed at the bedside in the icu setting are associated with higher complication rates, in particular infectious complications, than those placed by interventional radiology in non-icu patients.."
27397766,PICC dwell time,Yes,"discussion: midline catheters (mc) offer a comparable rate of device-related bloodstream infection to standard peripheral intravenous catheters (piv), but with a significantly lower rate than peripherally inserted central catheters (picc) and central venous catheters (cvc) (piv 0.2/1000, mc 0.5/1000, picc 2.1-2.3/1000, cvc 2.4-2.7/1000 catheter days).. ."
25782897,Medical department admission (including ICU),No,objective: little is known about patient-specific factors contributing to central line-associated bloodstream infection (clabsi) outside of the intensive care unit (icu).. . central line-associated bloodstream infections in non-icu inpatient wards: a 2-year analysis. objective: little is known about patient-specific factors contributing to central line-associated bloodstream infection (clabsi) outside of the intensive care unit (icu)..
26368787,Hospital length of stay,No,"objective: to estimate, from a us payer perspective, the cost offsets of treating gram positive acute bacterial skin and skin-structure infections (absssi) with varied hospital length of stay (los) followed by outpatient care, as well as the cost implications of avoiding hospital admission.. objective: to estimate, from a us payer perspective, the cost offsets of treating gram positive acute bacterial skin and skin-structure infections (absssi) with varied hospital length of stay (los) followed by outpatient care, as well as the cost implications of avoiding hospital admission. the value of new absssi therapies will be driven by eliminating the need for picc line, reducing length of stay and the ability to completely avoid a hospital stay.. ."
31387123,Antibiotic therapy,No,". background: a key factor in the successful treatment of periprosthetic joint infection is the consistent antimicrobial therapy. depending on the pathogen antimicrobial susceptibility, intravenous (i. v.) antibiotics may not be switched to oral medication at patient discharge, without risking a treatment failure. therapy using peripherally inserted central catheters (piccs) allows for early discharge with continuation of adequate antimicrobial therapy.. depending on the pathogen antimicrobial susceptibility, intravenous (i. v.) antibiotics may not be switched to oral medication at patient discharge, without risking a treatment failure.."
26269383,Parenteral nutrition,No,comparison of complications associated with peripherally inserted central catheters and hickman™ catheters in patients with intestinal failure receiving home parenteral nutrition..
26269383,PICC dwell time,Yes,the incidence of catheter-related blood stream infection (crbsi) per 1000 catheter days was significantly lower for hickman™ catheters compared to piccs (0.56 vs.. .
31565960,Antibiotic therapy,Yes,". the antimicrobial classes commonly associated with complications were cephalosporins, carbapenems, and penicillins.."
37146111,Parenteral nutrition,Yes,"statistical analysis identified previous marsi history, the need for total parenteral nutrition support, other catheter-related complications, a history of allergy, and picc implantation as associated with a higher likelihood of developing for marsi. conclusions: we evaluated patients with cancer who were undergoing cvad and identified that previous marsi history, patients needing total parenteral nutrition support, other catheter-related complications, allergic history, and picc implantation (compared with ports) were associated with a higher likelihood for developing marsi.."
32770871,Parenteral nutrition,No,"results: twelve clinical evidence summaries containing evidence related to the safe and effective use of central venous catheters are presented, including the following topics: central venous catheter insertion (cvc), peripherally inserted central catheters (picc), preoperative assessment, the use of analgesia, field preparation, choice between cvc or picc, cvc care and maintenance, prevention of complications, and general considerations pertaining to the use of central venous catheters in oncologic patients and in parenteral nutrition.."
29377971,Two or more lumens,No,". compared to piccs placed for >5 days, variables associated with short-term piccs included difficult venous access (odds ratio [or], 1.54; 95% confidence interval [ci], 1.40-1.69), multilumen devices (or, 1.53; 95% ci, 1.39-1.69), and teaching hospitals (or, 1.25; 95% ci, 1.04-1.52).."
35108580,PICC dwell time,No,". not accompanied by chronic comorbidities (hr 0.34; 95% ci, 0.131-0.887; p = .028) and longer duration of picc use (days) (hr 0.997; 95% ci, 0.994-0.999; p = .008) might be protective factors preventing crbsi.."
34663558,Antibiotic therapy,No,". reducing catheter related bloodstream infection risk of infant with a prophylactic antibiotic therapy before removing peripherally inserted central catheter: a retrospective study. the incidence of post-catheter removal clinical sepsis between the groups with or without antibiotics was compared. the antibiotic group was defined by receiving a single dose of vancomycin or any other antibiotic prior to line removal. a 9.3-fold decrease in the odds for clinical sepsis was observed in the antibiotic group (p = 0.01). the incidence of post-catheter removal sepsis was decreased by a single prophylactic dose of vancomycin (p = 0.02), whereas the use of other antibiotics showed no effect (p = 0.35).."
36767070,Parenteral nutrition,No,a higher percentage of use of parenteral nutrition (p = 0.036) and transfusions (p = 0.003) was observed during the post-transplant phase in the hospital..
25120012,Parenteral nutrition,No,purpose: few prospective follow-up studies evaluating the use of peripherally inserted central catheters (piccs) to deliver chemotherapy and/or home parenteral nutrition (hpn) have focused exclusively on oncology outpatients..
25120012,PICC dwell time,No,"the incidence of catheter-related bloodstream infections (crbsis) was low (0.05 per 1,000 catheter days), picc-related symptomatic thrombosis was rare (1.1 %; 0.05 per 1,000 catheter days), and mechanical complications were uncommon (13.1 %; 0.63 per 1,000 catheter days).. ."
34842905,Two or more lumens,No,". after adjusting for patient characteristics, comorbidities, catheter lumens, and dwell time in logit models, patients who received piccs had a greater risk of developing a major complication compared with those who received midlines (odds ratio, 1.99; 95% ci, 1.61-2.47).."
36921694,Medical department admission (including ICU),No,"we analyzed following 10 variables: gender, age, length of stay (los) before clabsi acquisition, cl-days before clabsi acquisition, cl-device utilization (du) ratio, cl-type, tracheostomy use, hospitalization type, intensive care unit (icu) type, and facility ownership, following variables were independently associated with clabsi: los before clabsi acquisition, rising risk 3% daily (aor=1.03;95%ci=1.02-1.04; p < .0001); number of cl-days before clabsi acquisition, rising risk 4% per cl-day (aor=1.04;95%ci=1.03-1.05; p < .0001); publicly-owned facility (aor=2.33;95%ci=1.79-3.02; p < .0001).. . multinational prospective cohort study of incidence and risk factors for central line-associated bloodstream infections in icus of 8 latin american countries. we analyzed following 10 variables: gender, age, length of stay (los) before clabsi acquisition, cl-days before clabsi acquisition, cl-device utilization (du) ratio, cl-type, tracheostomy use, hospitalization type, intensive care unit (icu) type, and facility ownership, following variables were independently associated with clabsi: los before clabsi acquisition, rising risk 3% daily (aor=1.03;95%ci=1.02-1.04; p < .0001); number of cl-days before clabsi acquisition, rising risk 4% per cl-day (aor=1.04;95%ci=1.03-1.05; p < .0001); publicly-owned facility (aor=2.33;95%ci=1.79-3.02; p < .0001). icu with highest risk was medical-surgical (aor=2.61;95%ci=1.41-4.81; p < .0001).."
36921694,Hospital length of stay,Yes,". we analyzed following 10 variables: gender, age, length of stay (los) before clabsi acquisition, cl-days before clabsi acquisition, cl-device utilization (du) ratio, cl-type, tracheostomy use, hospitalization type, intensive care unit (icu) type, and facility ownership, following variables were independently associated with clabsi: los before clabsi acquisition, rising risk 3% daily (aor=1.03;95%ci=1.02-1.04; p < .0001); number of cl-days before clabsi acquisition, rising risk 4% per cl-day (aor=1.04;95%ci=1.03-1.05; p < .0001); publicly-owned facility (aor=2.33;95%ci=1.79-3.02; p < .0001).."
36507144,Antibiotic-coated catheters,No,"does the antimicrobial-impregnated peripherally inserted central catheter decrease the clabsi rate in neonates? results from a retrospective cohort study. background: the use of antimicrobial-impregnated peripherally inserted central catheters (piccs) has been introduced in the last few years to neonatal units aiming to reduce central line-associated bloodstream infection (clabsi). the use of the antimicrobial-impregnated catheter was not associated with any significant reduction in the clabsi rate (per 1,000 days dwell time), either the overall [p = 0.11, risk ratio (rr) (95% ci): 0.60 (0.32, 1.13)] or the yearly clabsi rates.. ."
36507144,Antibiotic therapy,No,". does the antimicrobial-impregnated peripherally inserted central catheter decrease the clabsi rate in neonates? results from a retrospective cohort study. background: the use of antimicrobial-impregnated peripherally inserted central catheters (piccs) has been introduced in the last few years to neonatal units aiming to reduce central line-associated bloodstream infection (clabsi). the use of the antimicrobial-impregnated catheter was not associated with any significant reduction in the clabsi rate (per 1,000 days dwell time), either the overall [p = 0.11, risk ratio (rr) (95% ci): 0.60 (0.32, 1.13)] or the yearly clabsi rates.."
25374804,Medical department admission (including ICU),No,"some limits previously ascribed to piccs (i.e., low flow rates, difficult central venous pressure monitoring, lack of safety for radio-diagnostic procedures, single-lumen) have delayed their start up in the intensive care units as common practice.. . some limits previously ascribed to piccs (i.e., low flow rates, difficult central venous pressure monitoring, lack of safety for radio-diagnostic procedures, single-lumen) have delayed their start up in the intensive care units as common practice. second, an inappropriate cvad choice and, particularly, an inadequate insertion technique are relevant-and often not recognized-potential risk factors for complications in critically ill patients.."
37151085,Medical department admission (including ICU),No,". multinational prospective cohort study of incidence and risk factors for central line-associated bloodstream infections over 18 years in 281 icus of 9 asian countries. we analyzed following variables: gender, age, length of stay (los) before clabsi acquisition, cl-days before clabsi acquisition, cl-device utilization ratio, cl-type, tracheostomy use, hospitalization type, icu type, facility ownership and world bank classifications by income level. icu with highest risk was pediatric (aor = 2.86; 95% ci 1.71-4.82; p < 0.0001), followed by medical-surgical (aor = 2.46; 95% ci 1.62-3.75; p < 0.0001). conclusions: the following clabsi rfs are unlikely to change: country income level, facility-ownership, hospitalization type, and icu type.."
37151085,Hospital length of stay,Yes,". we analyzed following variables: gender, age, length of stay (los) before clabsi acquisition, cl-days before clabsi acquisition, cl-device utilization ratio, cl-type, tracheostomy use, hospitalization type, icu type, facility ownership and world bank classifications by income level.. following were independently associated with clabsi: los before clabsi acquisition, rising risk 4% daily (aor = 1.04; 95% ci = 1.03-1.04; p < 0.0001); number of cl-days before clabsi acquisition, rising risk 5% per cl-day (aor = 1.05; 95% ci 1.05-1.06; p < 0.0001); medical hospitalization (aor = 1.21; 95% ci 1.04-1.39; p = 0.01); tracheostomy use (aor = 2.02;95% ci 1.43-2.86; p < 0.0001); publicly-owned facility (aor = 3.63; 95% ci 2.54-5.18; p < 0.0001); lower-middle-income country (aor = 1.87; 95% ci 1.41-2.47; p < 0.0001).."
34258686,Antibiotic therapy,No,". utilisation of a continuous antibiotic infusion (cai) instead might have patient and nursing satisfaction, workflow efficiencies and infection control benefits. nursing staff reported that they spent less time throughout their shift attending the antibiotic line or pump in patients who were in the cai arm of the study (p < 0.001). in addition, patients in this arm of the study were more likely to recommend this method of administration of antibiotics to a family member (p =0.0001).."
30795912,PICC dwell time,No,"incidences of central line associated blood stream infection and venous thrombosis were 3.95 and 0.55 per 1000 catheter days, respectively.. ."
35847566,Antibiotic therapy,No,". methods: b-opat is a single-site, randomized, parallel-group, superiority trial recruiting 90 adult inpatients hospitalized with oud and siri who require at least 2 weeks of intravenous (iv) antibiotic therapy.."
36113076,PICC dwell time,No,a very low incidence of both symptomatic catheter-related thrombosis (0.9%) and catheter-related blood stream infection (0.56 episodes per 1000 catheter days) was found.. .
29293304,Antibiotic-coated catheters,No,"a number of strategies have been used to minimize the occurrence of cvad- and picc-associated complications such as antimicrobial-impregnated lines for prevention of infection, or addition of a valve (valved catheters) to prevent occlusion by preventing reflux of blood into the catheter.. ."
29293304,Antibiotic therapy,No,". a number of strategies have been used to minimize the occurrence of cvad- and picc-associated complications such as antimicrobial-impregnated lines for prevention of infection, or addition of a valve (valved catheters) to prevent occlusion by preventing reflux of blood into the catheter.."
30845210,Advanced Age,Yes,"risk factors, such as receiving chemotherapy (or 54.911; 95% ci, 2.755-1094.326), presence of diabetes (or 11.712; 95% ci, 1.513-90.665), and advanced age (or 1.116; 95% ci 1.007-1.238), were correlated with pbsi-related death.. . furthermore, pbsi-related death was common in patients undergoing chemotherapy, diabetics, and elderly patients.."
30845210,Two or more lumens,Yes,". number of catheter lumens [double lumen, odds ratio (or) 5.295; 95% confidence interval (ci), 2.220-12.627; hazard ration (hr) 3.569; 95% ci, 1.461-8.717], picc for chemotherapy (or 4.94; 95% ci, 1.686-14.458; hr 7.635; 95% ci, 2.775-21.007), and hospital length of stay (or 2.23; 95% ci, 1.234-4.049; hr 1.249; 95% ci, 0.659-2.368) were associated with pbsi. conclusion: our results indicated that risk factors associated with pbsi included the number of catheter lumens, the use of piccs for chemotherapy, and the hospital length of stay.."
30845210,Hospital length of stay,Yes,"number of catheter lumens [double lumen, odds ratio (or) 5.295; 95% confidence interval (ci), 2.220-12.627; hazard ration (hr) 3.569; 95% ci, 1.461-8.717], picc for chemotherapy (or 4.94; 95% ci, 1.686-14.458; hr 7.635; 95% ci, 2.775-21.007), and hospital length of stay (or 2.23; 95% ci, 1.234-4.049; hr 1.249; 95% ci, 0.659-2.368) were associated with pbsi. conclusion: our results indicated that risk factors associated with pbsi included the number of catheter lumens, the use of piccs for chemotherapy, and the hospital length of stay.. ."
32367764,Medical department admission (including ICU),No,"in the experience of the vascular access team of our hospital, hit by the covid epidemic in march 2020, the safety of both the patient and the staff can be ensured by an insertion bundle of few smart strategies, which include choice of long dwelling peripheral catheters (midline catheters) rather than short venous cannulas; use of power injectable peripherally inserted central catheters in the covid patients in intensive care unit requiring a central line; use of wireless probes-easy to carry, easy to clean-for ultrasound guided venipuncture; avoidance of x-rays, using alternative methods for tip location such as intracavitary electrocardiography or trans-thoracic echocardiography; strict adoption of the barrier precautions recommended by the international guidelines.. ."
32367764,Power-injectable piccs,No,". in the experience of the vascular access team of our hospital, hit by the covid epidemic in march 2020, the safety of both the patient and the staff can be ensured by an insertion bundle of few smart strategies, which include choice of long dwelling peripheral catheters (midline catheters) rather than short venous cannulas; use of power injectable peripherally inserted central catheters in the covid patients in intensive care unit requiring a central line; use of wireless probes-easy to carry, easy to clean-for ultrasound guided venipuncture; avoidance of x-rays, using alternative methods for tip location such as intracavitary electrocardiography or trans-thoracic echocardiography; strict adoption of the barrier precautions recommended by the international guidelines.."
34750685,Antibiotic therapy,No,". we investigate the risk factors for hap among patients with ich and study the antibiotic use and medical costs of mdr infection. as for the antibiotic treatment, there were no difference in the duration of use days and total dose per patient between mdr and non-mdr group, except for tigecycline. antibiotic costs for the mdr group were significantly higher than those for the non-mdr group and no infection group (p < 0.001).."
24090605,Acute myeloid leukemia,No,infections increase the risk of central venous catheter-related thrombosis in adult acute myeloid leukemia..
37114756,Medical department admission (including ICU),Yes,"multinational prospective study of incidence and risk factors for central-line-associated bloodstream infections in 728 intensive care units of 41 asian, african, eastern european, latin american, and middle eastern countries over 24 years.. . the icu type with highest risk was adult oncology (aor, 4.35; 95% ci, 3.11-6.09; p < .0001), followed by pediatric oncology (aor, 2.51;95% ci, 1.57-3.99; p < .0001), and pediatric (aor, 2.34; 95% ci, 1.81-3.01; p < .0001). conclusions: the following clabsi risk factors are unlikely to change: country income level, facility ownership, hospitalization type, and icu type.."
37114756,Hospital length of stay,Yes,". we analyzed 11 variables, and the following variables were independently and significantly associated with clabsi: length of stay (los), risk increasing 3% daily (aor, 1.03; 95% ci, 1.03-1.04; p < .0001), number of cl days, risk increasing 4% per cl day (aor, 1.04; 95% ci, 1.03-1.04; p < .0001), surgical hospitalization (aor, 1.12; 95% ci, 1.03-1.21; p < .0001), tracheostomy use (aor, 1.52; 95% ci, 1.23-1.88; p < .0001), hospitalization at a publicly owned facility (aor, 3.04; 95% ci, 2.31-4.01; p <.0001) or at a teaching hospital (aor, 2.91; 95% ci, 2.22-3.83; p < .0001), hospitalization in a middle-income country (aor, 2.41; 95% ci, 2.09-2.77; p < .0001).."
23002096,Parenteral nutrition,No,"background: although home parenteral nutrition (hpn) is often indicated in cancer patients, many physicians are concerned about the risks potentially associated with the use of central venous access devices (vads) in these patients.."
25656251,Antibiotic therapy,No,". methods: prospective follow-up of consecutive piccs inserted for intravenous (iv) antibiotics in adults with cf or with non-cf bronchiectasis at cochin hospital (paris, france). patients' satisfaction was high and picc could be used to perform antibiotic courses in most patients.."
28651885,Antibiotic therapy,No,. this study aimed to present a case series illustrating the use of stimulan calcium sulfate beads loaded with vancomycin and tobramycin to increase the rate of salvage of the infected implant and forgo iv antibiotics..
25198813,Power-injectable piccs,No,"purpose: few randomized studies have investigated the impact of valved and non-valved power-injectable peripherally inserted central catheters (piccs) in terms of incidence of occlusion, infection, malfunction and venous thrombosis. one hundred and eighty adult patients candidate to chemotherapy were randomized into three groups: power-injectable piccs with solo-2 proximal valve (bard); power-injectable piccs with pasv (pressure activated safety valve) proximal valve (navilyst); and non-valved power-injectable piccs (medcomp).. ."
30391696,Two or more lumens,No,". confirmed episodes of crbsi (2 versus 13%, χ(2) = 6.625, p = 0.036) were more frequent with multilumen catheters.."
37576517,Antibiotic therapy,No,". our study focuses on investigating the clinical characteristics and risk factors for death of klebsiella pneumoniae infections in ap patients, further to quantify the prognosis of the patients, and provide evidence for guiding antibiotic use and improving prognosis. pneumoniae to commonly used antibiotics in clinical practice was high, especially crkp, which was only sensitive to sulfamethoxazole-trimethoprim (smz-tmp) and tigecycline (tgc) (resistance rates were 37.57% and 17.57%, respectively).."
33298237,Parenteral nutrition,Yes,"parenteral nutrition (odds ratio [or], 3.40; 95% confidence interval [ci], 1.77-6.52) and admission to the hematology ward (or, 4.90; 95% ci, 2.25-10.71) were independently associated with crbsi and pb, respectively.."
33298237,PICC dwell time,No,"compared to pb, crbsi showed significantly different risk factors, a higher incidence density per catheter days, and a shorter median time to infection.. ."
33298237,Medical department admission (including ICU),No,". parenteral nutrition (odds ratio [or], 3.40; 95% confidence interval [ci], 1.77-6.52) and admission to the hematology ward (or, 4.90; 95% ci, 2.25-10.71) were independently associated with crbsi and pb, respectively. admission to the hematology ward (or, 12.46; 95% ci, 2.49-62.50) or to the oncology ward (or, 7.89; 95% ci, 1.77-35.16) was independently associated with uedvt.."
25852128,Parenteral nutrition,No,environmental risk factors for developing catheter-related bloodstream infection in home parenteral nutrition patients: a 6-year follow-up study..
25852128,PICC dwell time,No,hickman catheters managed by a home care nurse had a significantly increased mean (sd) incidence of crbsi of 1.45 (0.68) per 1000 catheter days.. .
29595367,Antibiotic therapy,No,. lessons learned from the implementation of a medically enhanced residential treatment (mert) model integrating intravenous antibiotics and residential addiction treatment. our lessons may be applicable to future models integrating post-hospital intravenous antibiotics and sud care..
31674857,Chemotherapy,No,"background and objectives: the increasing use of arm totally implantable vascular access devices for breast cancer patients who require chemotherapy has led to a greater risk of complications and failures and, in particular, to upper extremity deep vein thrombosis.. ."
34699089,Antibiotic therapy,No,". few opat studies have assessed the impact of iv antibiotic therapy via elastomeric continuous pumps, with most having been conducted outside the united states and few in county hospitals.."
32205954,Medical department admission (including ICU),Yes,abbreviations list: abhr: alcohol-based hand rub; aicd: automated implantable cardioverter defibrillator; bsi: blood stream infection; c/ss: chg/silver sulfadiazine; cath lab: catheterization laboratory (cardiac cath lab); cdc: centers for disease control and prevention; cfu: colony forming unit; chg: chlorhexidine gluconate; cl: central line; combux: comparison of bedside ultrasound with chest x-ray (combux study); cqi: continuous quality improvement; crbsi: catheter-related blood stream infection; cus: chest ultrasonography; cvc: central venous catheter; cxr: chest x-ray; dttp: differential time to positivity; dvt: deep venous thrombosis; ecg: electrocardiography; elvis: ethanol lock and risk of hemodialysis catheter infection in critically ill patients; er: emergency room; fda: food and drug administration; fv: femoral vein; gwe: guidewire exchange; hd catheter: hemodialysis catheter; hts: hypertonic saline; icp: intracranial pressure; icu: intensive care unit; idsa: infectious disease society of america; ijv: internal jugular vein; ipc: indian penal code; irr: incidence rate ratio; isccm: indian society of critical care medicine; iv: intravenous; lcbi: laboratory confirmed blood stream infection; m/r: minocycline/rifampicin; mbi-lcbi: mucosal barrier injury laboratory-confirmed bloodstream infection; mrsa: methicillin-resistant staphylococcus aureus; nhs: national health service (uk); nhsn: national healthcare safety network (usa); ot: operation theater; picc: peripherally-inserted central catheter; piv: peripheral intravenous line; pl: peripheral line; pvi: povidone-iodine; ra: right atrium; rct: randomized controlled trial; rr: relative risk; scv/sv: subclavian vein; scvo(2): central venous oxygen saturation; sn: sensitivity; sop: standard operating procedure; svc: superior vena cava; tee: transesophageal echocardiography; upp: useful practice points; usg: ultrasonography; who: world health organization.. .
25987475,Seasonality (summer / warm),Yes,the correlation between seasonality and peripherally inserted central catheter-related infections in cancer patients.. .
